Main Topic,Subtopic,Learning Outcome,Subject,Exam Board,Qualification,Level,Component Name,Paper Code,Duration (min),Total Marks,Weighting (%)
Socialisation and the creation of social identity,The process of learning and socialisation,"Culture, roles, norms, values, beliefs, customs, ideology, power and status as elements in the social construction of reality.",Sociology,Cambridge Assessment International Education,Cambridge International AS & A Level,AS Level,"Paper 1 – Socialisation, Identity and Methods of Research",9699/1,90,60,50
Socialisation and the creation of social identity,The process of learning and socialisation,"Culture, roles, norms, values, beliefs, customs, ideology, power and status as elements in the social construction of reality.",Sociology,Cambridge Assessment International Education,Cambridge International AS & A Level,A Level,"Paper 1 – Socialisation, Identity and Methods of Research",9699/1,90,60,25
Socialisation and the creation of social identity,The process of learning and socialisation,"The importance of socialisation in influencing human behaviour, including the nurture versus nature debate.",Sociology,Cambridge Assessment International Education,Cambridge International AS & A Level,AS Level,"Paper 1 – Socialisation, Identity and Methods of Research",9699/1,90,60,50
Socialisation and the creation of social identity,The process of learning and socialisation,"The importance of socialisation in influencing human behaviour, including the nurture versus nature debate.",Sociology,Cambridge Assessment International Education,Cambridge International AS & A Level,A Level,"Paper 1 – Socialisation, Identity and Methods of Research",9699/1,90,60,25
Socialisation and the creation of social identity,The process of learning and socialisation,"Agencies of socialisation and social control, including family, education, peer group, media and religion.",Sociology,Cambridge Assessment International Education,Cambridge International AS & A Level,AS Level,"Paper 1 – Socialisation, Identity and Methods of Research",9699/1,90,60,50
Socialisation and the creation of social identity,The process of learning and socialisation,"Agencies of socialisation and social control, including family, education, peer group, media and religion.",Sociology,Cambridge Assessment International Education,Cambridge International AS & A Level,A Level,"Paper 1 – Socialisation, Identity and Methods of Research",9699/1,90,60,25
Socialisation and the creation of social identity,"Social control, conformity and resistance","The role of structure and agency in shaping the relationship between the individual and society, including an awareness of the differences between structuralist and interactionist views.",Sociology,Cambridge Assessment International Education,Cambridge International AS & A Level,AS Level,"Paper 1 – Socialisation, Identity and Methods of Research",9699/1,90,60,50
Socialisation and the creation of social identity,"Social control, conformity and resistance","The role of structure and agency in shaping the relationship between the individual and society, including an awareness of the differences between structuralist and interactionist views.",Sociology,Cambridge Assessment International Education,Cambridge International AS & A Level,A Level,"Paper 1 – Socialisation, Identity and Methods of Research",9699/1,90,60,25
Socialisation and the creation of social identity,"Social control, conformity and resistance","Factors explaining why individuals conform to social expectations, including sanctions, social pressure, self-interest and social exchange.",Sociology,Cambridge Assessment International Education,Cambridge International AS & A Level,AS Level,"Paper 1 – Socialisation, Identity and Methods of Research",9699/1,90,60,50
Socialisation and the creation of social identity,"Social control, conformity and resistance","Factors explaining why individuals conform to social expectations, including sanctions, social pressure, self-interest and social exchange.",Sociology,Cambridge Assessment International Education,Cambridge International AS & A Level,A Level,"Paper 1 – Socialisation, Identity and Methods of Research",9699/1,90,60,25
Socialisation and the creation of social identity,"Social control, conformity and resistance","The mechanisms through which order is maintained, including power, ideology, force and consensus.",Sociology,Cambridge Assessment International Education,Cambridge International AS & A Level,AS Level,"Paper 1 – Socialisation, Identity and Methods of Research",9699/1,90,60,50
Socialisation and the creation of social identity,"Social control, conformity and resistance","The mechanisms through which order is maintained, including power, ideology, force and consensus.",Sociology,Cambridge Assessment International Education,Cambridge International AS & A Level,A Level,"Paper 1 – Socialisation, Identity and Methods of Research",9699/1,90,60,25
Socialisation and the creation of social identity,"Social control, conformity and resistance","How sociologists explain deviance and non-conformity, including subcultures, under-socialisation, marginalisation, cultural deprivation and social resistance.",Sociology,Cambridge Assessment International Education,Cambridge International AS & A Level,AS Level,"Paper 1 – Socialisation, Identity and Methods of Research",9699/1,90,60,50
Socialisation and the creation of social identity,"Social control, conformity and resistance","How sociologists explain deviance and non-conformity, including subcultures, under-socialisation, marginalisation, cultural deprivation and social resistance.",Sociology,Cambridge Assessment International Education,Cambridge International AS & A Level,A Level,"Paper 1 – Socialisation, Identity and Methods of Research",9699/1,90,60,25
Socialisation and the creation of social identity,Social identity and change,"Social class, gender, ethnicity and age as elements in the construction of social identity.",Sociology,Cambridge Assessment International Education,Cambridge International AS & A Level,AS Level,"Paper 1 – Socialisation, Identity and Methods of Research",9699/1,90,60,50
Socialisation and the creation of social identity,Social identity and change,"Social class, gender, ethnicity and age as elements in the construction of social identity.",Sociology,Cambridge Assessment International Education,Cambridge International AS & A Level,A Level,"Paper 1 – Socialisation, Identity and Methods of Research",9699/1,90,60,25
Socialisation and the creation of social identity,Social identity and change,"How social class, gender, ethnicity and age identities may be changing due to globalisation, increased choice and the creation of new/hybrid identities.",Sociology,Cambridge Assessment International Education,Cambridge International AS & A Level,AS Level,"Paper 1 – Socialisation, Identity and Methods of Research",9699/1,90,60,50
Socialisation and the creation of social identity,Social identity and change,"How social class, gender, ethnicity and age identities may be changing due to globalisation, increased choice and the creation of new/hybrid identities.",Sociology,Cambridge Assessment International Education,Cambridge International AS & A Level,A Level,"Paper 1 – Socialisation, Identity and Methods of Research",9699/1,90,60,25
Methods of research,"Types of data, methods and research design",The differences between primary and secondary sources of data and between quantitative and qualitative data.,Sociology,Cambridge Assessment International Education,Cambridge International AS & A Level,AS Level,"Paper 1 – Socialisation, Identity and Methods of Research",9699/1,90,60,50
Methods of research,"Types of data, methods and research design",The differences between primary and secondary sources of data and between quantitative and qualitative data.,Sociology,Cambridge Assessment International Education,Cambridge International AS & A Level,A Level,"Paper 1 – Socialisation, Identity and Methods of Research",9699/1,90,60,25
Methods of research,"Types of data, methods and research design","The strengths and limitations of different secondary sources of data, including official statistics, personal documents, digital content and media sources.",Sociology,Cambridge Assessment International Education,Cambridge International AS & A Level,AS Level,"Paper 1 – Socialisation, Identity and Methods of Research",9699/1,90,60,50
Methods of research,"Types of data, methods and research design","The strengths and limitations of different secondary sources of data, including official statistics, personal documents, digital content and media sources.",Sociology,Cambridge Assessment International Education,Cambridge International AS & A Level,A Level,"Paper 1 – Socialisation, Identity and Methods of Research",9699/1,90,60,25
Methods of research,"Types of data, methods and research design","The strengths and limitations of different quantitative research methods, including questionnaires, structured interviews, experiments and content analysis.",Sociology,Cambridge Assessment International Education,Cambridge International AS & A Level,AS Level,"Paper 1 – Socialisation, Identity and Methods of Research",9699/1,90,60,50
Methods of research,"Types of data, methods and research design","The strengths and limitations of different quantitative research methods, including questionnaires, structured interviews, experiments and content analysis.",Sociology,Cambridge Assessment International Education,Cambridge International AS & A Level,A Level,"Paper 1 – Socialisation, Identity and Methods of Research",9699/1,90,60,25
Methods of research,"Types of data, methods and research design","The strengths and limitations of different qualitative research methods, including overt and covert participant and non-participant observation, unstructured interviews, semi-structured interviews and group interviews.",Sociology,Cambridge Assessment International Education,Cambridge International AS & A Level,AS Level,"Paper 1 – Socialisation, Identity and Methods of Research",9699/1,90,60,50
Methods of research,"Types of data, methods and research design","The strengths and limitations of different qualitative research methods, including overt and covert participant and non-participant observation, unstructured interviews, semi-structured interviews and group interviews.",Sociology,Cambridge Assessment International Education,Cambridge International AS & A Level,A Level,"Paper 1 – Socialisation, Identity and Methods of Research",9699/1,90,60,25
Methods of research,"Types of data, methods and research design","Stages of research design, including deciding on research strategy, formulating research questions and hypotheses, sampling frames, sampling techniques, pilot studies, operationalisation, conducting research and interpreting results.",Sociology,Cambridge Assessment International Education,Cambridge International AS & A Level,AS Level,"Paper 1 – Socialisation, Identity and Methods of Research",9699/1,90,60,50
Methods of research,"Types of data, methods and research design","Stages of research design, including deciding on research strategy, formulating research questions and hypotheses, sampling frames, sampling techniques, pilot studies, operationalisation, conducting research and interpreting results.",Sociology,Cambridge Assessment International Education,Cambridge International AS & A Level,A Level,"Paper 1 – Socialisation, Identity and Methods of Research",9699/1,90,60,25
Methods of research,Approaches to sociological research,"The use of approaches drawing on different research methods, including case studies, social surveys, ethnography and longitudinal studies.",Sociology,Cambridge Assessment International Education,Cambridge International AS & A Level,AS Level,"Paper 1 – Socialisation, Identity and Methods of Research",9699/1,90,60,50
Methods of research,Approaches to sociological research,"The use of approaches drawing on different research methods, including case studies, social surveys, ethnography and longitudinal studies.",Sociology,Cambridge Assessment International Education,Cambridge International AS & A Level,A Level,"Paper 1 – Socialisation, Identity and Methods of Research",9699/1,90,60,25
Methods of research,Approaches to sociological research,"The mixed methods approach to research, including triangulation and methodological pluralism.",Sociology,Cambridge Assessment International Education,Cambridge International AS & A Level,AS Level,"Paper 1 – Socialisation, Identity and Methods of Research",9699/1,90,60,50
Methods of research,Approaches to sociological research,"The mixed methods approach to research, including triangulation and methodological pluralism.",Sociology,Cambridge Assessment International Education,Cambridge International AS & A Level,A Level,"Paper 1 – Socialisation, Identity and Methods of Research",9699/1,90,60,25
Methods of research,Approaches to sociological research,"The positivist approach, with reference to scientific method, objectivity, reliability and value-freedom.",Sociology,Cambridge Assessment International Education,Cambridge International AS & A Level,AS Level,"Paper 1 – Socialisation, Identity and Methods of Research",9699/1,90,60,50
Methods of research,Approaches to sociological research,"The positivist approach, with reference to scientific method, objectivity, reliability and value-freedom.",Sociology,Cambridge Assessment International Education,Cambridge International AS & A Level,A Level,"Paper 1 – Socialisation, Identity and Methods of Research",9699/1,90,60,25
Methods of research,Approaches to sociological research,"The interpretivist approach, with reference to verstehen, meaning, subjectivity and validity.",Sociology,Cambridge Assessment International Education,Cambridge International AS & A Level,AS Level,"Paper 1 – Socialisation, Identity and Methods of Research",9699/1,90,60,50
Methods of research,Approaches to sociological research,"The interpretivist approach, with reference to verstehen, meaning, subjectivity and validity.",Sociology,Cambridge Assessment International Education,Cambridge International AS & A Level,A Level,"Paper 1 – Socialisation, Identity and Methods of Research",9699/1,90,60,25
Methods of research,Approaches to sociological research,The debates about whether sociology can/should be based on the methods and procedures of the natural sciences and the role of values in sociological research.,Sociology,Cambridge Assessment International Education,Cambridge International AS & A Level,AS Level,"Paper 1 – Socialisation, Identity and Methods of Research",9699/1,90,60,50
Methods of research,Approaches to sociological research,The debates about whether sociology can/should be based on the methods and procedures of the natural sciences and the role of values in sociological research.,Sociology,Cambridge Assessment International Education,Cambridge International AS & A Level,A Level,"Paper 1 – Socialisation, Identity and Methods of Research",9699/1,90,60,25
Methods of research,Research issues,"The theoretical, practical and ethical considerations influencing the choice of topic, choice of method(s) and conduct of research.",Sociology,Cambridge Assessment International Education,Cambridge International AS & A Level,AS Level,"Paper 1 – Socialisation, Identity and Methods of Research",9699/1,90,60,50
Methods of research,Research issues,"The theoretical, practical and ethical considerations influencing the choice of topic, choice of method(s) and conduct of research.",Sociology,Cambridge Assessment International Education,Cambridge International AS & A Level,A Level,"Paper 1 – Socialisation, Identity and Methods of Research",9699/1,90,60,25
Methods of research,Research issues,"How research findings may be biased by the actions and values of the sociologist and by choices made in funding, designing and conducting the research.",Sociology,Cambridge Assessment International Education,Cambridge International AS & A Level,AS Level,"Paper 1 – Socialisation, Identity and Methods of Research",9699/1,90,60,50
Methods of research,Research issues,"How research findings may be biased by the actions and values of the sociologist and by choices made in funding, designing and conducting the research.",Sociology,Cambridge Assessment International Education,Cambridge International AS & A Level,A Level,"Paper 1 – Socialisation, Identity and Methods of Research",9699/1,90,60,25
Methods of research,Research issues,"Validity, reliability, objectivity, representativeness and ethics as important concepts in assessing the value of different research methods. Paper 2 – The Family This topic area develops candidates’ understanding of the family in a social context. The aim is to explore different sociological perspectives on the role of the family and family diversity, and to understand the way social change influences family life and different family members.",Sociology,Cambridge Assessment International Education,Cambridge International AS & A Level,AS Level,"Paper 1 – Socialisation, Identity and Methods of Research",9699/1,90,60,50
Methods of research,Research issues,"Validity, reliability, objectivity, representativeness and ethics as important concepts in assessing the value of different research methods. Paper 2 – The Family This topic area develops candidates’ understanding of the family in a social context. The aim is to explore different sociological perspectives on the role of the family and family diversity, and to understand the way social change influences family life and different family members.",Sociology,Cambridge Assessment International Education,Cambridge International AS & A Level,A Level,"Paper 1 – Socialisation, Identity and Methods of Research",9699/1,90,60,25
Theories of the family and social change,Perspectives on the role of the family,"Functionalist accounts of how the family benefits its members and society and how the functions of families have changed over time, including the ‘loss of functions’ debate.",Sociology,Cambridge Assessment International Education,Cambridge International AS & A Level,AS Level,Paper 2 – The Family,9699/2,90,60,50
Theories of the family and social change,Perspectives on the role of the family,"Functionalist accounts of how the family benefits its members and society and how the functions of families have changed over time, including the ‘loss of functions’ debate.",Sociology,Cambridge Assessment International Education,Cambridge International AS & A Level,A Level,Paper 2 – The Family,9699/2,90,60,25
Theories of the family and social change,Perspectives on the role of the family,"Marxist accounts of how the family benefits capitalism, including ideological control, reproduction of labour and consumption.",Sociology,Cambridge Assessment International Education,Cambridge International AS & A Level,AS Level,Paper 2 – The Family,9699/2,90,60,50
Theories of the family and social change,Perspectives on the role of the family,"Marxist accounts of how the family benefits capitalism, including ideological control, reproduction of labour and consumption.",Sociology,Cambridge Assessment International Education,Cambridge International AS & A Level,A Level,Paper 2 – The Family,9699/2,90,60,25
Theories of the family and social change,Perspectives on the role of the family,Feminist responses to functionalist and Marxist accounts of the role of the family.,Sociology,Cambridge Assessment International Education,Cambridge International AS & A Level,AS Level,Paper 2 – The Family,9699/2,90,60,50
Theories of the family and social change,Perspectives on the role of the family,Feminist responses to functionalist and Marxist accounts of the role of the family.,Sociology,Cambridge Assessment International Education,Cambridge International AS & A Level,A Level,Paper 2 – The Family,9699/2,90,60,25
Theories of the family and social change,Diversity and social change,"The causes and consequences of changing patterns of marriage, cohabitation, divorce and separation.",Sociology,Cambridge Assessment International Education,Cambridge International AS & A Level,AS Level,Paper 2 – The Family,9699/2,90,60,50
Theories of the family and social change,Diversity and social change,"The causes and consequences of changing patterns of marriage, cohabitation, divorce and separation.",Sociology,Cambridge Assessment International Education,Cambridge International AS & A Level,A Level,Paper 2 – The Family,9699/2,90,60,25
Theories of the family and social change,Diversity and social change,"Different family and household forms, including nuclear, extended, lone-parent, reconstituted and single- person households. If appropriate to the local context and not restricted by law or regulation, other family and household forms may also be taught, such as same-sex families and families of choice.",Sociology,Cambridge Assessment International Education,Cambridge International AS & A Level,AS Level,Paper 2 – The Family,9699/2,90,60,50
Theories of the family and social change,Diversity and social change,"Different family and household forms, including nuclear, extended, lone-parent, reconstituted and single- person households. If appropriate to the local context and not restricted by law or regulation, other family and household forms may also be taught, such as same-sex families and families of choice.",Sociology,Cambridge Assessment International Education,Cambridge International AS & A Level,A Level,Paper 2 – The Family,9699/2,90,60,25
Theories of the family and social change,Diversity and social change,"Dimensions of family diversity, including organisational, cultural and class diversity.",Sociology,Cambridge Assessment International Education,Cambridge International AS & A Level,AS Level,Paper 2 – The Family,9699/2,90,60,50
Theories of the family and social change,Diversity and social change,"Dimensions of family diversity, including organisational, cultural and class diversity.",Sociology,Cambridge Assessment International Education,Cambridge International AS & A Level,A Level,Paper 2 – The Family,9699/2,90,60,25
Theories of the family and social change,Diversity and social change,The debate about the extent of family diversity and the dominance of the nuclear family.,Sociology,Cambridge Assessment International Education,Cambridge International AS & A Level,AS Level,Paper 2 – The Family,9699/2,90,60,50
Theories of the family and social change,Diversity and social change,The debate about the extent of family diversity and the dominance of the nuclear family.,Sociology,Cambridge Assessment International Education,Cambridge International AS & A Level,A Level,Paper 2 – The Family,9699/2,90,60,25
Theories of the family and social change,Diversity and social change,New Right and postmodernist perspectives on family diversity.,Sociology,Cambridge Assessment International Education,Cambridge International AS & A Level,AS Level,Paper 2 – The Family,9699/2,90,60,50
Theories of the family and social change,Diversity and social change,New Right and postmodernist perspectives on family diversity.,Sociology,Cambridge Assessment International Education,Cambridge International AS & A Level,A Level,Paper 2 – The Family,9699/2,90,60,25
Theories of the family and social change,Diversity and social change,The state and social policy as influences on the family.,Sociology,Cambridge Assessment International Education,Cambridge International AS & A Level,AS Level,Paper 2 – The Family,9699/2,90,60,50
Theories of the family and social change,Diversity and social change,The state and social policy as influences on the family.,Sociology,Cambridge Assessment International Education,Cambridge International AS & A Level,A Level,Paper 2 – The Family,9699/2,90,60,25
Family roles and changing relationships,Gender equality and experiences of family life,"Different feminist perspectives on equality and power in the family, including liberal, radical and Marxist feminist.",Sociology,Cambridge Assessment International Education,Cambridge International AS & A Level,AS Level,Paper 2 – The Family,9699/2,90,60,50
Family roles and changing relationships,Gender equality and experiences of family life,"Different feminist perspectives on equality and power in the family, including liberal, radical and Marxist feminist.",Sociology,Cambridge Assessment International Education,Cambridge International AS & A Level,A Level,Paper 2 – The Family,9699/2,90,60,25
Family roles and changing relationships,Gender equality and experiences of family life,"Conjugal roles and debates about gender equality in the family, including housework, childcare, power and emotion work.",Sociology,Cambridge Assessment International Education,Cambridge International AS & A Level,AS Level,Paper 2 – The Family,9699/2,90,60,50
Family roles and changing relationships,Gender equality and experiences of family life,"Conjugal roles and debates about gender equality in the family, including housework, childcare, power and emotion work.",Sociology,Cambridge Assessment International Education,Cambridge International AS & A Level,A Level,Paper 2 – The Family,9699/2,90,60,25
Family roles and changing relationships,Gender equality and experiences of family life,Debates about whether the experience of family life is positive or negative for family members.,Sociology,Cambridge Assessment International Education,Cambridge International AS & A Level,AS Level,Paper 2 – The Family,9699/2,90,60,50
Family roles and changing relationships,Gender equality and experiences of family life,Debates about whether the experience of family life is positive or negative for family members.,Sociology,Cambridge Assessment International Education,Cambridge International AS & A Level,A Level,Paper 2 – The Family,9699/2,90,60,25
Family roles and changing relationships,Age and family life,"The social construction of childhood, and changes in the role and social position of children in the family.",Sociology,Cambridge Assessment International Education,Cambridge International AS & A Level,AS Level,Paper 2 – The Family,9699/2,90,60,50
Family roles and changing relationships,Age and family life,"The social construction of childhood, and changes in the role and social position of children in the family.",Sociology,Cambridge Assessment International Education,Cambridge International AS & A Level,A Level,Paper 2 – The Family,9699/2,90,60,25
Family roles and changing relationships,Age and family life,"The role and social position of grandparents in the family, including cross-cultural comparisons and the impact of changing life expectancy upon the family.",Sociology,Cambridge Assessment International Education,Cambridge International AS & A Level,AS Level,Paper 2 – The Family,9699/2,90,60,50
Family roles and changing relationships,Age and family life,"The role and social position of grandparents in the family, including cross-cultural comparisons and the impact of changing life expectancy upon the family.",Sociology,Cambridge Assessment International Education,Cambridge International AS & A Level,A Level,Paper 2 – The Family,9699/2,90,60,25
Family roles and changing relationships,Age and family life,"Social class, gender and ethnicity as factors affecting the experiences of children in the family.",Sociology,Cambridge Assessment International Education,Cambridge International AS & A Level,AS Level,Paper 2 – The Family,9699/2,90,60,50
Family roles and changing relationships,Age and family life,"Social class, gender and ethnicity as factors affecting the experiences of children in the family.",Sociology,Cambridge Assessment International Education,Cambridge International AS & A Level,A Level,Paper 2 – The Family,9699/2,90,60,25
Family roles and changing relationships,Age and family life,"Changes in the concepts of motherhood and fatherhood. Paper 3 – Education In this topic area, candidates investigate the processes of learning and education in their social context. The aim is to understand the factors affecting educational achievement and to recognise different perspectives on the role of education within wider society.",Sociology,Cambridge Assessment International Education,Cambridge International AS & A Level,AS Level,Paper 2 – The Family,9699/2,90,60,50
Family roles and changing relationships,Age and family life,"Changes in the concepts of motherhood and fatherhood. Paper 3 – Education In this topic area, candidates investigate the processes of learning and education in their social context. The aim is to understand the factors affecting educational achievement and to recognise different perspectives on the role of education within wider society.",Sociology,Cambridge Assessment International Education,Cambridge International AS & A Level,A Level,Paper 2 – The Family,9699/2,90,60,25
Education and society,Theories about the role of education,Functionalist views about how education contributes to value consensus and social solidarity.,Sociology,Cambridge Assessment International Education,Cambridge International AS & A Level,A Level,Paper 3 – Education,9699/3,75,50,21
Education and society,Theories about the role of education,Education and role allocation.,Sociology,Cambridge Assessment International Education,Cambridge International AS & A Level,A Level,Paper 3 – Education,9699/3,75,50,21
Education and society,Theories about the role of education,Marxist views about how education contributes to the maintenance of the capitalist economic system.,Sociology,Cambridge Assessment International Education,Cambridge International AS & A Level,A Level,Paper 3 – Education,9699/3,75,50,21
Education and society,Theories about the role of education,Education as an instrument of ideological control and cultural reproduction.,Sociology,Cambridge Assessment International Education,Cambridge International AS & A Level,A Level,Paper 3 – Education,9699/3,75,50,21
Education and society,Theories about the role of education,New Right and social democratic views on the relationship between education and the economy.,Sociology,Cambridge Assessment International Education,Cambridge International AS & A Level,A Level,Paper 3 – Education,9699/3,75,50,21
Education and society,Education and social mobility,Equal opportunity and the idea of meritocracy.,Sociology,Cambridge Assessment International Education,Cambridge International AS & A Level,A Level,Paper 3 – Education,9699/3,75,50,21
Education and society,Education and social mobility,The extent to which education systems are meritocratic today.,Sociology,Cambridge Assessment International Education,Cambridge International AS & A Level,A Level,Paper 3 – Education,9699/3,75,50,21
Education and society,Education and social mobility,"The importance of education in influencing life chances, and the consequences of educational under- achievement for the individual and for society.",Sociology,Cambridge Assessment International Education,Cambridge International AS & A Level,A Level,Paper 3 – Education,9699/3,75,50,21
Education and society,Education and social mobility,Evidence and arguments about the links between education and social mobility.,Sociology,Cambridge Assessment International Education,Cambridge International AS & A Level,A Level,Paper 3 – Education,9699/3,75,50,21
Education and society,Influences on the curriculum,The social construction of knowledge.,Sociology,Cambridge Assessment International Education,Cambridge International AS & A Level,A Level,Paper 3 – Education,9699/3,75,50,21
Education and society,Influences on the curriculum,"Factors influencing the content of the curriculum, including power, status, culture, economic demands, and gender.",Sociology,Cambridge Assessment International Education,Cambridge International AS & A Level,A Level,Paper 3 – Education,9699/3,75,50,21
Education and society,Influences on the curriculum,"Education and cultural reproduction, including the ethnocentric curriculum, the gendered curriculum, and the hidden curriculum.",Sociology,Cambridge Assessment International Education,Cambridge International AS & A Level,A Level,Paper 3 – Education,9699/3,75,50,21
Education and society,Influences on the curriculum,The curriculum and the concept of cultural capital.,Sociology,Cambridge Assessment International Education,Cambridge International AS & A Level,A Level,Paper 3 – Education,9699/3,75,50,21
Education and inequality,Intelligence and educational attainment,The difficulties in defining intelligence.,Sociology,Cambridge Assessment International Education,Cambridge International AS & A Level,A Level,Paper 3 – Education,9699/3,75,50,21
Education and inequality,Intelligence and educational attainment,IQ tests and the extent to which they are influenced by social factors.,Sociology,Cambridge Assessment International Education,Cambridge International AS & A Level,A Level,Paper 3 – Education,9699/3,75,50,21
Education and inequality,Intelligence and educational attainment,Intelligence as an influence on educational attainment.,Sociology,Cambridge Assessment International Education,Cambridge International AS & A Level,A Level,Paper 3 – Education,9699/3,75,50,21
Education and inequality,Social class and educational attainment,The relationship between material factors and educational attainment.,Sociology,Cambridge Assessment International Education,Cambridge International AS & A Level,A Level,Paper 3 – Education,9699/3,75,50,21
Education and inequality,Social class and educational attainment,"Cultural explanations for patterns in social class and educational attainment, including parental attitudes, values, speech codes, and cultural capital.",Sociology,Cambridge Assessment International Education,Cambridge International AS & A Level,A Level,Paper 3 – Education,9699/3,75,50,21
Education and inequality,Social class and educational attainment,"In-school factors, including labelling, ability grouping and pupil subcultures.",Sociology,Cambridge Assessment International Education,Cambridge International AS & A Level,A Level,Paper 3 – Education,9699/3,75,50,21
Education and inequality,Social class and educational attainment,Compensatory education programmes.,Sociology,Cambridge Assessment International Education,Cambridge International AS & A Level,A Level,Paper 3 – Education,9699/3,75,50,21
Education and inequality,Ethnicity and educational attainment,Racism in schools.,Sociology,Cambridge Assessment International Education,Cambridge International AS & A Level,A Level,Paper 3 – Education,9699/3,75,50,21
Education and inequality,Ethnicity and educational attainment,Cultural explanations for patterns in ethnicity and educational attainment.,Sociology,Cambridge Assessment International Education,Cambridge International AS & A Level,A Level,Paper 3 – Education,9699/3,75,50,21
Education and inequality,Ethnicity and educational attainment,Ethnicity and subcultures.,Sociology,Cambridge Assessment International Education,Cambridge International AS & A Level,A Level,Paper 3 – Education,9699/3,75,50,21
Education and inequality,Ethnicity and educational attainment,"The relationship between ethnicity, social class and gender.",Sociology,Cambridge Assessment International Education,Cambridge International AS & A Level,A Level,Paper 3 – Education,9699/3,75,50,21
Education and inequality,Gender and educational attainment,The relationship between gender socialisation and educational attainment.,Sociology,Cambridge Assessment International Education,Cambridge International AS & A Level,A Level,Paper 3 – Education,9699/3,75,50,21
Education and inequality,Gender and educational attainment,"Wider social changes and gendered educational achievement, including changing female expectations and the crisis of masculinity.",Sociology,Cambridge Assessment International Education,Cambridge International AS & A Level,A Level,Paper 3 – Education,9699/3,75,50,21
Education and inequality,Gender and educational attainment,Gender and subcultures.,Sociology,Cambridge Assessment International Education,Cambridge International AS & A Level,A Level,Paper 3 – Education,9699/3,75,50,21
Education and inequality,Gender and educational attainment,"Teacher expectations and gendered behaviour in the classroom. Paper 4 – Globalisation In this topic area, candidates explore sociological debates and perspectives on the impact of globalisation. The aim is to make connections between the local and the global, a ‘glocal’ approach, and to examine emerging areas of sociology, such as new forms of global crime, global inequalities and recent global migration patterns.",Sociology,Cambridge Assessment International Education,Cambridge International AS & A Level,A Level,Paper 3 – Education,9699/3,75,50,21
"Key debates, concepts and perspectives",Perspectives on globalisation,"Key definitions and issues, including globalisation, glocalisation, global culture, and problems with defining globalisation.",Sociology,Cambridge Assessment International Education,Cambridge International AS & A Level,A Level,"Paper 4 – Globalisation, Media and Religion",9699/4,105,70,29
"Key debates, concepts and perspectives",Perspectives on globalisation,"Different dimensions of globalisation including cultural, political and economic.",Sociology,Cambridge Assessment International Education,Cambridge International AS & A Level,A Level,"Paper 4 – Globalisation, Media and Religion",9699/4,105,70,29
"Key debates, concepts and perspectives",Perspectives on globalisation,"Perspectives on who benefits from globalisation, including the Marxist, feminist, postmodernist, globalist, sceptic and transformationalist perspectives.",Sociology,Cambridge Assessment International Education,Cambridge International AS & A Level,A Level,"Paper 4 – Globalisation, Media and Religion",9699/4,105,70,29
"Key debates, concepts and perspectives",Globalisation and identity,"The impact of globalisation on identity, including ethnic revitalisation, cultural defence and hybrid identity.",Sociology,Cambridge Assessment International Education,Cambridge International AS & A Level,A Level,"Paper 4 – Globalisation, Media and Religion",9699/4,105,70,29
"Key debates, concepts and perspectives",Globalisation and identity,Cultural divergence versus cultural convergence/homogenisation.,Sociology,Cambridge Assessment International Education,Cambridge International AS & A Level,A Level,"Paper 4 – Globalisation, Media and Religion",9699/4,105,70,29
"Key debates, concepts and perspectives",Globalisation and identity,The role of Western ideology in shaping identity and the concept of Westernisation.,Sociology,Cambridge Assessment International Education,Cambridge International AS & A Level,A Level,"Paper 4 – Globalisation, Media and Religion",9699/4,105,70,29
"Key debates, concepts and perspectives","Globalisation, power and politics",The spread of liberal democracy and human rights.,Sociology,Cambridge Assessment International Education,Cambridge International AS & A Level,A Level,"Paper 4 – Globalisation, Media and Religion",9699/4,105,70,29
"Key debates, concepts and perspectives","Globalisation, power and politics",Global social movements and attempts to oppose globalisation.,Sociology,Cambridge Assessment International Education,Cambridge International AS & A Level,A Level,"Paper 4 – Globalisation, Media and Religion",9699/4,105,70,29
"Key debates, concepts and perspectives","Globalisation, power and politics",Debates about the role of the nation state in tackling global social and environmental problems.,Sociology,Cambridge Assessment International Education,Cambridge International AS & A Level,A Level,"Paper 4 – Globalisation, Media and Religion",9699/4,105,70,29
Contemporary issues,"Globalisation, poverty and inequalities","Debates about the impact of globalisation on life chances in developing countries, in relation to education, income and health.",Sociology,Cambridge Assessment International Education,Cambridge International AS & A Level,A Level,"Paper 4 – Globalisation, Media and Religion",9699/4,105,70,29
Contemporary issues,"Globalisation, poverty and inequalities",The role of transnational organisations in tackling global inequalities and the extent to which they have been successful.,Sociology,Cambridge Assessment International Education,Cambridge International AS & A Level,A Level,"Paper 4 – Globalisation, Media and Religion",9699/4,105,70,29
Contemporary issues,"Globalisation, poverty and inequalities","Sociological explanations for global inequalities, including capitalism, colonialism, post-colonialism and patriarchy.",Sociology,Cambridge Assessment International Education,Cambridge International AS & A Level,A Level,"Paper 4 – Globalisation, Media and Religion",9699/4,105,70,29
Contemporary issues,Globalisation and migration,"The causes of global migration, including immigration, emigration, net migration, push and pull factors, global labour patterns and tourism.",Sociology,Cambridge Assessment International Education,Cambridge International AS & A Level,A Level,"Paper 4 – Globalisation, Media and Religion",9699/4,105,70,29
Contemporary issues,Globalisation and migration,"The consequences of global migration, positive and negative, including cultural diversity, economic benefits, concerns over scarce resources and negative perceptions of migration.",Sociology,Cambridge Assessment International Education,Cambridge International AS & A Level,A Level,"Paper 4 – Globalisation, Media and Religion",9699/4,105,70,29
Contemporary issues,Globalisation and migration,Debates about who benefits from migration.,Sociology,Cambridge Assessment International Education,Cambridge International AS & A Level,A Level,"Paper 4 – Globalisation, Media and Religion",9699/4,105,70,29
Contemporary issues,Globalisation and crime,"Reasons for the emergence of global crimes, such as human trafficking, corporate crime and crimes against the environment.",Sociology,Cambridge Assessment International Education,Cambridge International AS & A Level,A Level,"Paper 4 – Globalisation, Media and Religion",9699/4,105,70,29
Contemporary issues,Globalisation and crime,"Explanations of who benefits from global crime, including Marxist and feminist perspectives.",Sociology,Cambridge Assessment International Education,Cambridge International AS & A Level,A Level,"Paper 4 – Globalisation, Media and Religion",9699/4,105,70,29
Contemporary issues,Globalisation and crime,"Policing and prosecuting global crime, including the benefits and challenges resulting from globalisation and new technology. Paper 4 – Media In this topic area, candidates examine how the media is being transformed by recent developments, such as the growth of the new media, and the implications this has for the wider society. The aim is to understand where power lies in relation to the media and how individuals are influenced by media effects.",Sociology,Cambridge Assessment International Education,Cambridge International AS & A Level,A Level,"Paper 4 – Globalisation, Media and Religion",9699/4,105,70,29
Ownership and control of media,Traditional media and the new media,"Trends affecting the organisation of the media, including cross-media ownership, digitalisation, media conglomerates and social media.",Sociology,Cambridge Assessment International Education,Cambridge International AS & A Level,A Level,"Paper 4 – Globalisation, Media and Religion",9699/4,105,70,29
Ownership and control of media,Traditional media and the new media,Debates about who controls the media.,Sociology,Cambridge Assessment International Education,Cambridge International AS & A Level,A Level,"Paper 4 – Globalisation, Media and Religion",9699/4,105,70,29
Ownership and control of media,Traditional media and the new media,Differences between the traditional media and the new media.,Sociology,Cambridge Assessment International Education,Cambridge International AS & A Level,A Level,"Paper 4 – Globalisation, Media and Religion",9699/4,105,70,29
Ownership and control of media,Traditional media and the new media,The debate about whether the traditional media has been undermined by the growth of the new media.,Sociology,Cambridge Assessment International Education,Cambridge International AS & A Level,A Level,"Paper 4 – Globalisation, Media and Religion",9699/4,105,70,29
Ownership and control of media,Theories of the media and influences on media content,Pluralist theories of the media.,Sociology,Cambridge Assessment International Education,Cambridge International AS & A Level,A Level,"Paper 4 – Globalisation, Media and Religion",9699/4,105,70,29
Ownership and control of media,Theories of the media and influences on media content,Marxist and neo-Marxist theories of the media.,Sociology,Cambridge Assessment International Education,Cambridge International AS & A Level,A Level,"Paper 4 – Globalisation, Media and Religion",9699/4,105,70,29
Ownership and control of media,Theories of the media and influences on media content,Factors that influence the selection and presentation of news.,Sociology,Cambridge Assessment International Education,Cambridge International AS & A Level,A Level,"Paper 4 – Globalisation, Media and Religion",9699/4,105,70,29
Ownership and control of media,Theories of the media and influences on media content,The concepts of mass manipulation and hegemony as different ways of understanding the production of media content.,Sociology,Cambridge Assessment International Education,Cambridge International AS & A Level,A Level,"Paper 4 – Globalisation, Media and Religion",9699/4,105,70,29
Ownership and control of media,Theories of the media and influences on media content,The postmodernist contribution to understanding the media.,Sociology,Cambridge Assessment International Education,Cambridge International AS & A Level,A Level,"Paper 4 – Globalisation, Media and Religion",9699/4,105,70,29
Ownership and control of media,Theories of the media and influences on media content,Censorship as a factor influencing media content.,Sociology,Cambridge Assessment International Education,Cambridge International AS & A Level,A Level,"Paper 4 – Globalisation, Media and Religion",9699/4,105,70,29
Ownership and control of media,Theories of the media and influences on media content,"How the media may influence the political process, including agenda setting, opinion polls, and news reporting.",Sociology,Cambridge Assessment International Education,Cambridge International AS & A Level,A Level,"Paper 4 – Globalisation, Media and Religion",9699/4,105,70,29
Ownership and control of media,The impact of the new media,How the new media is contributing to globalisation.,Sociology,Cambridge Assessment International Education,Cambridge International AS & A Level,A Level,"Paper 4 – Globalisation, Media and Religion",9699/4,105,70,29
Ownership and control of media,The impact of the new media,The new media as a challenge to existing power structures.,Sociology,Cambridge Assessment International Education,Cambridge International AS & A Level,A Level,"Paper 4 – Globalisation, Media and Religion",9699/4,105,70,29
Ownership and control of media,The impact of the new media,The debate about digital optimism versus digital pessimism.,Sociology,Cambridge Assessment International Education,Cambridge International AS & A Level,A Level,"Paper 4 – Globalisation, Media and Religion",9699/4,105,70,29
Ownership and control of media,The impact of the new media,The impact of the new media on social identities and interpersonal relationships.,Sociology,Cambridge Assessment International Education,Cambridge International AS & A Level,A Level,"Paper 4 – Globalisation, Media and Religion",9699/4,105,70,29
Media representation and effects,"Media representations of class, gender, ethnicity, and age groups",How different groups are represented in the media.,Sociology,Cambridge Assessment International Education,Cambridge International AS & A Level,A Level,"Paper 4 – Globalisation, Media and Religion",9699/4,105,70,29
Media representation and effects,"Media representations of class, gender, ethnicity, and age groups",Ways that the media contributes to gender socialisation.,Sociology,Cambridge Assessment International Education,Cambridge International AS & A Level,A Level,"Paper 4 – Globalisation, Media and Religion",9699/4,105,70,29
Media representation and effects,"Media representations of class, gender, ethnicity, and age groups","Moral panics around class, gender, ethnicity and age groups.",Sociology,Cambridge Assessment International Education,Cambridge International AS & A Level,A Level,"Paper 4 – Globalisation, Media and Religion",9699/4,105,70,29
Media representation and effects,"Media representations of class, gender, ethnicity, and age groups",The relationship between the media and popular culture.,Sociology,Cambridge Assessment International Education,Cambridge International AS & A Level,A Level,"Paper 4 – Globalisation, Media and Religion",9699/4,105,70,29
Media representation and effects,Different models of media effects,"Direct effects models of media influence, including the hypodermic syringe model.",Sociology,Cambridge Assessment International Education,Cambridge International AS & A Level,A Level,"Paper 4 – Globalisation, Media and Religion",9699/4,105,70,29
Media representation and effects,Different models of media effects,"Indirect effects models of media influence, including the uses and gratification model, the two-step flow model, the normative model and the cultural effects model.",Sociology,Cambridge Assessment International Education,Cambridge International AS & A Level,A Level,"Paper 4 – Globalisation, Media and Religion",9699/4,105,70,29
Media representation and effects,Different models of media effects,Debates about the strengths and limitations of the different models of media effects.,Sociology,Cambridge Assessment International Education,Cambridge International AS & A Level,A Level,"Paper 4 – Globalisation, Media and Religion",9699/4,105,70,29
Media representation and effects,Different models of media effects,Arguments and evidence about the extent to which human behaviour is influenced by the media.,Sociology,Cambridge Assessment International Education,Cambridge International AS & A Level,A Level,"Paper 4 – Globalisation, Media and Religion",9699/4,105,70,29
Media representation and effects,The impact of the media on behaviour,Arguments and evidence about the extent to which violent media leads to violent behaviour.,Sociology,Cambridge Assessment International Education,Cambridge International AS & A Level,A Level,"Paper 4 – Globalisation, Media and Religion",9699/4,105,70,29
Media representation and effects,The impact of the media on behaviour,"The impact of the media on crime, including deviance amplification and moral panics.",Sociology,Cambridge Assessment International Education,Cambridge International AS & A Level,A Level,"Paper 4 – Globalisation, Media and Religion",9699/4,105,70,29
Media representation and effects,The impact of the media on behaviour,Ways in which the media might have a positive impact on human behaviour.,Sociology,Cambridge Assessment International Education,Cambridge International AS & A Level,A Level,"Paper 4 – Globalisation, Media and Religion",9699/4,105,70,29
Media representation and effects,The impact of the media on behaviour,Ways in which people may be affected by media sensationalism and stereotyping. Paper 4 – Religion This topic area will develop candidates’ understanding of religion in its social context. The aim is to study different explanations of the role of religion in society and to understand the nature of religious movements and the factors influencing the level of religiosity in particular communities.,Sociology,Cambridge Assessment International Education,Cambridge International AS & A Level,A Level,"Paper 4 – Globalisation, Media and Religion",9699/4,105,70,29
Religion and social order,Religion and society,Ways of defining religion.,Sociology,Cambridge Assessment International Education,Cambridge International AS & A Level,A Level,"Paper 4 – Globalisation, Media and Religion",9699/4,105,70,29
Religion and social order,Religion and society,Difficulties in measuring religious belief.,Sociology,Cambridge Assessment International Education,Cambridge International AS & A Level,A Level,"Paper 4 – Globalisation, Media and Religion",9699/4,105,70,29
Religion and social order,Religion and society,"Social groups and religiosity, including class, gender, ethnicity and age.",Sociology,Cambridge Assessment International Education,Cambridge International AS & A Level,A Level,"Paper 4 – Globalisation, Media and Religion",9699/4,105,70,29
Religion and social order,Religion and society,Religion and other belief systems.,Sociology,Cambridge Assessment International Education,Cambridge International AS & A Level,A Level,"Paper 4 – Globalisation, Media and Religion",9699/4,105,70,29
Religion and social order,Religion and social order,Functionalist accounts of how religion contributes to social order and social solidarity.,Sociology,Cambridge Assessment International Education,Cambridge International AS & A Level,A Level,"Paper 4 – Globalisation, Media and Religion",9699/4,105,70,29
Religion and social order,Religion and social order,"Marxist accounts of the relationship between religion, oppression and capitalism.",Sociology,Cambridge Assessment International Education,Cambridge International AS & A Level,A Level,"Paper 4 – Globalisation, Media and Religion",9699/4,105,70,29
Religion and social order,Religion and social order,Debates about the strengths and limitations of functionalist and Marxist perspectives on religion.,Sociology,Cambridge Assessment International Education,Cambridge International AS & A Level,A Level,"Paper 4 – Globalisation, Media and Religion",9699/4,105,70,29
Religion and social order,Religion as a source of social change,Weber’s theory of the role of religion in the rise of capitalism.,Sociology,Cambridge Assessment International Education,Cambridge International AS & A Level,A Level,"Paper 4 – Globalisation, Media and Religion",9699/4,105,70,29
Religion and social order,Religion as a source of social change,Alternative views about the relationship between religion and the origins of capitalism.,Sociology,Cambridge Assessment International Education,Cambridge International AS & A Level,A Level,"Paper 4 – Globalisation, Media and Religion",9699/4,105,70,29
Religion and social order,Religion as a source of social change,Liberation theology as an example of religion acting as a vehicle for social change.,Sociology,Cambridge Assessment International Education,Cambridge International AS & A Level,A Level,"Paper 4 – Globalisation, Media and Religion",9699/4,105,70,29
Religion and social order,Religion as a source of social change,"The influence of religious movements on political debates and struggles, examined through case studies such as the Evangelical movement in US politics or the influence of the Ayatollahs in the Iranian revolution.",Sociology,Cambridge Assessment International Education,Cambridge International AS & A Level,A Level,"Paper 4 – Globalisation, Media and Religion",9699/4,105,70,29
The influence of religion,The secularisation debate,The secularisation thesis.,Sociology,Cambridge Assessment International Education,Cambridge International AS & A Level,A Level,"Paper 4 – Globalisation, Media and Religion",9699/4,105,70,29
The influence of religion,The secularisation debate,Evidence for a decline in religious belief.,Sociology,Cambridge Assessment International Education,Cambridge International AS & A Level,A Level,"Paper 4 – Globalisation, Media and Religion",9699/4,105,70,29
The influence of religion,The secularisation debate,Discussions about whether rationalisation is leading to a decline in religious belief.,Sociology,Cambridge Assessment International Education,Cambridge International AS & A Level,A Level,"Paper 4 – Globalisation, Media and Religion",9699/4,105,70,29
The influence of religion,The secularisation debate,Debates about whether religion has lost its social significance.,Sociology,Cambridge Assessment International Education,Cambridge International AS & A Level,A Level,"Paper 4 – Globalisation, Media and Religion",9699/4,105,70,29
The influence of religion,"Gender, feminism and religion",Feminist perspectives on religion.,Sociology,Cambridge Assessment International Education,Cambridge International AS & A Level,A Level,"Paper 4 – Globalisation, Media and Religion",9699/4,105,70,29
The influence of religion,"Gender, feminism and religion",Explanations for patriarchy and gender inequality in religion.,Sociology,Cambridge Assessment International Education,Cambridge International AS & A Level,A Level,"Paper 4 – Globalisation, Media and Religion",9699/4,105,70,29
The influence of religion,"Gender, feminism and religion",Moves towards gender equality in religious organisations and evidence that religious practices may benefit women.,Sociology,Cambridge Assessment International Education,Cambridge International AS & A Level,A Level,"Paper 4 – Globalisation, Media and Religion",9699/4,105,70,29
The influence of religion,Religion and post-modernity,Discussions about whether there has been a growth in privatised religion.,Sociology,Cambridge Assessment International Education,Cambridge International AS & A Level,A Level,"Paper 4 – Globalisation, Media and Religion",9699/4,105,70,29
The influence of religion,Religion and post-modernity,The concept of spiritual shopping and its contribution to understanding religiosity today.,Sociology,Cambridge Assessment International Education,Cambridge International AS & A Level,A Level,"Paper 4 – Globalisation, Media and Religion",9699/4,105,70,29
The influence of religion,Religion and post-modernity,Debates about whether resacrilisation is a feature of post-modernity.,Sociology,Cambridge Assessment International Education,Cambridge International AS & A Level,A Level,"Paper 4 – Globalisation, Media and Religion",9699/4,105,70,29
The influence of religion,Religion and post-modernity,The significance of new religious movements (NRMs) and New Age ideas for understanding the meaning and significance of religion today.,Sociology,Cambridge Assessment International Education,Cambridge International AS & A Level,A Level,"Paper 4 – Globalisation, Media and Religion",9699/4,105,70,29
The influence of religion,Religion and post-modernity,"Different explanations for the growth in fundamentalist religions, including cultural defence, cultural transition, disengagement, marginality, and religious revival.",Sociology,Cambridge Assessment International Education,Cambridge International AS & A Level,A Level,"Paper 4 – Globalisation, Media and Religion",9699/4,105,70,29
