8021-r001.route-manifest.json	2870b0ab87b58ba356c43afd7a200f2b94ce1e76565223ba1583851e441f1f29
8021-r002.route-manifest.json	d2b7973b075aef53eb85b689ba79055d4fb55980f91571d40e8b45125bb0e5a6
9093-r001.route-manifest.json	a9316a0edb5061b16b85fb005387787cbb5680d8f01c9012e89dfac7a09aa575
9231-r001.route-manifest.json	933d4f3e306d434157903ca5d14acf4449c8c7ab2095ec6a6a2646f82eb78867
9489-r001.route-manifest.json	f30b0c900af36a97ea3052563ea4bb69904f3c249000ffff81e834c181266737
9489-r002.route-manifest.json	92d6ddbe49502f37b741e66c6af7007eda6d003469aef2321a0cf0d7826f9c2d
9609-r001.route-manifest.json	d9397d8b96937a15a6986789be4b1c1eabfe29e33a26e9e2f08a5351d6ba044c
9609-r002.route-manifest.json	e23344a8d05f8712030fee5e3331023ed5498a1ed347c8b1eadc250560a2547a
9618-r001.route-manifest.json	f6fbda01ec2fa23c86cac19d24d82f64e247010776378e343d667157ff2ce7f3
9618-r002.route-manifest.json	d924ce2ffa8053dbfcbe59bc318d3db18d2507035f04822528b15f309b510fdc
9626-r001.route-manifest.json	55563e6caed3ad296f70261117b32554f3053392e3c6383e54b52da4f95cb1f9
9626-r002.route-manifest.json	1d2e52a02b0cfe15939298564e93fb1b207a6fc89adb9eecd90f6b8a68f5c7bd
9696-r001.route-manifest.json	1edbc55dccbd7a5500dcfee5a5443319bfb6257a365342dee70080a96c8a49ac
9696-r002.route-manifest.json	f528103e0f9a3fcbe98cf6987d82159027eac7936079a0463002e4508f6b289e
9699-r001.route-manifest.json	03017e10fa2e88a029bbee6baf119c11a5224997f981dafaca5fc26747a67775
9700-r001.route-manifest.json	23990c50cb86c0057421aac1acbc1d01d401a92cb8344e7508e3b9586727e403
9700-r002.route-manifest.json	3616f9672a24340ff881c37ceff6406bcda36fb35fb7b7831dfcb1bed514613e
9701-r001.route-manifest.json	cfb79865da69bf5d4605afdd0a1283c6d47145505f317319a1430b5bedda9675
9701-r002.route-manifest.json	e08efcf8d80156660bb9a277ad9bb3531a9bb8af7e6909c0cb3b4dfad58fcec4
9701-r003.route-manifest.json	24947fd192c65a4adda6a81250cbd050a40568fa0c6817ee9eb7f14cdc1a5087
9702-r001.route-manifest.json	7ec49046995bc499ec752e3fc221ac8995325cdf990f0f4b7cdcdf13fcaed527
9702-r002.route-manifest.json	8edd413937032d0d6421968dacbb71cad769f36cf4b19326db740a6c35d747d5
9706-r001.route-manifest.json	385afa71de0008b5834cb66f7991aea52f82bfc19def1c8d20e4c305b7861189
9708-r001.route-manifest.json	8bad7cc834d5f351e8d7f1d584242b2ce2a8cb9a3dedb8987cf55e7c029c3900
9708-r002.route-manifest.json	fe83c59edfa21978f17a4868c4196f5a993db79309a31619e80d11a4db9e63d2
9709-r001.route-manifest.json	aeb0ebe045f65417d76f01fd5809885b4995de47df4a31edcfa580bde75a718b
9709-r002.route-manifest.json	2a88c59499762e6a8a052afad3d392e13ae2e64a8fd2deb28965d8a61e520378
9990-r001.route-manifest.json	3455331dbc70d4c8a2ad8672426ea44c7a87f5e19ace4ccc5065e46617cbee9f
9990-r002.route-manifest.json	1b05b5460f2f767a8235faad5e871337b25e0ae40da3ac9952ec702eb150db1a
